{
  "hard 4": {
	"2": -0.585567454,
	"3": -0.504500459,
	"4": -0.422126218,
	"5": -0.334385322,
	"6": -0.307398032,
	"7": -0.950750367,
	"8": -1.021035031,
	"9": -1.086299362,
	"10": -1.080860668,
	"ace": -1.333901549
  },
  "hard 5": {
	"2": -0.585567454,
	"3": -0.504500459,
	"4": -0.422126218,
	"5": -0.334385322,
	"6": -0.307398032,
	"7": -0.950750367,
	"8": -1.021035031,
	"9": -1.086299362,
	"10": -1.080860668,
	"ace": -1.333901549
  },
  "hard 6": {
	"2": -0.564058356,
	"3": -0.483725999,
	"4": -0.402050874,
	"5": -0.315577432,
	"6": -0.281946005,
	"7": -0.894047875,
	"8": -1.001255563,
	"9": -1.067838525,
	"10": -1.062289945,
	"ace": -1.304837349
  },
  "hard 7": {
	"2": -0.435757887,
	"3": -0.359779496,
	"4": -0.282299066,
	"5": -0.202730091,
	"6": -0.138337164,
	"7": -0.589335886,
	"8": -0.847075794,
	"9": -0.957073502,
	"10": -0.950865606,
	"ace": -1.13045215
  },
  "hard 8": {
	"2": -0.204490521,
	"3": -0.136216095,
	"4": -0.066372071,
	"5": 0.003456443,
	"6": 0.087015198,
	"7": -0.187729555,
	"8": -0.451986849,
	"9": -0.718501335,
	"10": -0.746587652,
	"ace": -0.81074595
  },
  "hard 9": {
	"2": 0.061118503,
	"3": 0.120816353,
	"4": 0.181948934,
	"5": 0.243057225,
	"6": 0.317054746,
	"7": 0.104250352,
	"8": -0.02644229,
	"9": -0.300995659,
	"10": -0.466706714,
	"ace": -0.432911351
  },
  "hard 10": {
	"2": 0.358939412,
	"3": 0.40932067,
	"4": 0.460940244,
	"5": 0.512517109,
	"6": 0.575590169,
	"7": 0.392412455,
	"8": 0.286635717,
	"9": 0.144328368,
	"10": -0.008658688,
	"ace": -0.014042369
  },
  "hard 11": {
	"2": 0.470640923,
	"3": 0.517795253,
	"4": 0.56604055,
	"5": 0.614699018,
	"6": 0.667380095,
	"7": 0.462888949,
	"8": 0.350692591,
	"9": 0.227783423,
	"10": 0.179688727,
	"ace": 0.10906078
  },
  "hard 12": {
	"2": -0.506779972,
	"3": -0.4673818,
	"4": -0.427073107,
	"5": -0.386542339,
	"6": -0.3410524,
	"7": -0.506711621,
	"8": -0.615660893,
	"9": -0.737505621,
	"10": -0.79684059,
	"ace": -0.829343937
  },
  "hard 13": {
	"2": -0.615582475,
	"3": -0.582420226,
	"4": -0.548448013,
	"5": -0.514666545,
	"6": -0.471252551,
	"7": -0.587423131,
	"8": -0.69096589,
	"9": -0.807790286,
	"10": -0.867543616,
	"ace": -0.880582279
  },
  "hard 14": {
	"2": -0.724384979,
	"3": -0.697458652,
	"4": -0.669822919,
	"5": -0.642790751,
	"6": -0.601452703,
	"7": -0.668134642,
	"8": -0.766270888,
	"9": -0.87807495,
	"10": -0.938246642,
	"ace": -0.931820622
  },
  "hard 15": {
	"2": -0.833187483,
	"3": -0.812497078,
	"4": -0.791197825,
	"5": -0.770914957,
	"6": -0.731652854,
	"7": -0.748846152,
	"8": -0.841575886,
	"9": -0.948359614,
	"10": -1.008949667,
	"ace": -0.983058964
  },
  "hard 16": {
	"2": -0.941989986,
	"3": -0.927535505,
	"4": -0.912572732,
	"5": -0.899039163,
	"6": -0.861853006,
	"7": -0.829557662,
	"8": -0.916880883,
	"9": -1.018644279,
	"10": -1.079652693,
	"ace": -1.034297307
  },
  "hard 17": {
	"2": -1.072301588,
	"3": -1.063348391,
	"4": -1.054022982,
	"5": -1.045971259,
	"6": -1.017505184,
	"7": -0.966971664,
	"8": -1.011965349,
	"9": -1.10738978,
	"10": -1.168926441,
	"ace": -1.114599849
  },
  "hard 18": {
	"2": -1.244877265,
	"3": -1.24000994,
	"4": -1.234923665,
	"5": -1.230519135,
	"6": -1.214958094,
	"7": -1.182287689,
	"8": -1.182111711,
	"9": -1.233056956,
	"10": -1.295341636,
	"ace": -1.253030791
  },
  "hard 19": {
	"2": -1.458154909,
	"3": -1.456065777,
	"4": -1.453874268,
	"5": -1.451982536,
	"6": -1.445108413,
	"7": -1.430899458,
	"8": -1.427319967,
	"9": -1.431148765,
	"10": -1.458898277,
	"ace": -1.449590133
  },
  "hard 20": {
	"2": -1.710460536,
	"3": -1.709953791,
	"4": -1.709420416,
	"5": -1.70896095,
	"6": -1.707255886,
	"7": -1.703703647,
	"8": -1.702983838,
	"9": -1.701665207,
	"10": -1.698057903,
	"ace": -1.704277875
  },
  "hard 21": {
	"2": -2,
	"3": -2,
	"4": -2,
	"5": -2,
	"6": -2,
	"7": -2,
	"8": -2,
	"9": -2,
	"10": -2,
	"ace": -2
  },
  "soft 12": {
	"2": -0.071569958,
	"3": -0.007228095,
	"4": 0.058426519,
	"5": 0.125954485,
	"6": 0.179748206,
	"7": -0.18386558,
	"8": -0.314440902,
	"9": -0.456366963,
	"10": -0.514028488,
	"ace": -0.624390568
  },
  "soft 13": {
	"2": -0.071569958,
	"3": -0.007228095,
	"4": 0.058426519,
	"5": 0.125954485,
	"6": 0.179748206,
	"7": -0.18386558,
	"8": -0.314440902,
	"9": -0.456366963,
	"10": -0.514028488,
	"ace": -0.624390568
  },
  "soft 14": {
	"2": -0.071569958,
	"3": -0.007228095,
	"4": 0.058426519,
	"5": 0.125954485,
	"6": 0.179748206,
	"7": -0.18386558,
	"8": -0.314440902,
	"9": -0.456366963,
	"10": -0.514028488,
	"ace": -0.624390568
  },
  "soft 15": {
	"2": -0.071569958,
	"3": -0.007228095,
	"4": 0.058426519,
	"5": 0.125954485,
	"6": 0.179748206,
	"7": -0.18386558,
	"8": -0.314440902,
	"9": -0.456366963,
	"10": -0.514028488,
	"ace": -0.624390568
  },
  "soft 16": {
	"2": -0.071569958,
	"3": -0.007228095,
	"4": 0.058426519,
	"5": 0.125954485,
	"6": 0.179748206,
	"7": -0.18386558,
	"8": -0.314440902,
	"9": -0.456366963,
	"10": -0.514028488,
	"ace": -0.624390568
  },
  "soft 17": {
	"2": -0.007042663,
	"3": 0.055095284,
	"4": 0.118652551,
	"5": 0.182378155,
	"6": 0.256104287,
	"7": -0.013758106,
	"8": -0.255102497,
	"9": -0.400984452,
	"10": -0.458316319,
	"ace": -0.537197968
  },
  "soft 18": {
	"2": 0.119749563,
	"3": 0.177641276,
	"4": 0.237003848,
	"5": 0.295225496,
	"6": 0.381506482,
	"7": 0.219947966,
	"8": -0.029916811,
	"9": -0.290219429,
	"10": -0.346891981,
	"ace": -0.362812768
  },
  "soft 19": {
	"2": 0.241855464,
	"3": 0.295824136,
	"4": 0.351153611,
	"5": 0.405972069,
	"6": 0.479598709,
	"7": 0.319835195,
	"8": 0.195268875,
	"9": -0.07294553,
	"10": -0.235467642,
	"ace": -0.188427568
  },
  "soft 20": {
	"2": 0.358939412,
	"3": 0.40932067,
	"4": 0.460940244,
	"5": 0.512517109,
	"6": 0.575590169,
	"7": 0.392412455,
	"8": 0.286635717,
	"9": 0.144328368,
	"10": -0.008658688,
	"ace": -0.014042369
  },
  "soft 21": {
	"2": 0.470640923,
	"3": 0.517795253,
	"4": 0.56604055,
	"5": 0.614699018,
	"6": 0.667380095,
	"7": 0.462888949,
	"8": 0.350692591,
	"9": 0.227783423,
	"10": 0.179688727,
	"ace": 0.10906078
  }
}