{
  "hard 4": {
	"2": -0.114913328,
	"3": -0.082613314,
	"4": -0.04936742,
	"5": -0.012379927,
	"6": 0.011130417,
	"7": -0.088279201,
	"8": -0.159334153,
	"9": -0.240666179,
	"10": -0.289197915,
	"ace": -0.253076994
  },
  "hard 5": {
	"2": -0.128215567,
	"3": -0.095310227,
	"4": -0.061479464,
	"5": -0.02397897,
	"6": -0.001186338,
	"7": -0.119447442,
	"8": -0.188093304,
	"9": -0.266615053,
	"10": -0.313411643,
	"ace": -0.278574598
  },
  "hard 6": {
	"2": -0.140759118,
	"3": -0.107291078,
	"4": -0.072917142,
	"5": -0.034915973,
	"6": -0.013005836,
	"7": -0.151932707,
	"8": -0.217241881,
	"9": -0.2926407,
	"10": -0.33774944,
	"ace": -0.304146631
  },
  "hard 7": {
	"2": -0.109183428,
	"3": -0.076582982,
	"4": -0.043021794,
	"5": -0.007271361,
	"6": 0.029185342,
	"7": -0.0688078,
	"8": -0.210604769,
	"9": -0.285365441,
	"10": -0.319054791,
	"ace": -0.31007165
  },
  "hard 8": {
	"2": -0.021798188,
	"3": 0.008005263,
	"4": 0.038784473,
	"5": 0.070804636,
	"6": 0.11496015,
	"7": 0.082207439,
	"8": -0.059898276,
	"9": -0.210186332,
	"10": -0.249375081,
	"ace": -0.197028811
  },
  "hard 9": {
	"2": 0.074446038,
	"3": 0.101264702,
	"4": 0.128980881,
	"5": 0.158031856,
	"6": 0.196018839,
	"7": 0.17186786,
	"8": 0.098376217,
	"9": -0.052178053,
	"10": -0.152952985,
	"ace": -0.065680779
  },
  "hard 10": {
	"2": 0.182499994,
	"3": 0.206087976,
	"4": 0.230470122,
	"5": 0.256258555,
	"6": 0.287795084,
	"7": 0.256908744,
	"8": 0.197953708,
	"9": 0.116529591,
	"10": 0.025308523,
	"ace": 0.081449708
  },
  "hard 11": {
	"2": 0.23835075,
	"3": 0.260325267,
	"4": 0.283020275,
	"5": 0.307349509,
	"6": 0.333690048,
	"7": 0.292146991,
	"8": 0.229982145,
	"9": 0.158257119,
	"10": 0.119482231,
	"ace": 0.143001282
  },
  "hard 12": {
	"2": -0.253389986,
	"3": -0.2336909,
	"4": -0.213536553,
	"5": -0.193271169,
	"6": -0.1705262,
	"7": -0.212847715,
	"8": -0.271574805,
	"9": -0.340013281,
	"10": -0.381042993,
	"ace": -0.35054034
  },
  "hard 13": {
	"2": -0.307791238,
	"3": -0.291210113,
	"4": -0.274224006,
	"5": -0.257333272,
	"6": -0.235626276,
	"7": -0.269072878,
	"8": -0.323605176,
	"9": -0.387155189,
	"10": -0.425254208,
	"ace": -0.396930316
  },
  "hard 14": {
	"2": -0.36219249,
	"3": -0.348729326,
	"4": -0.33491146,
	"5": -0.321395376,
	"6": -0.300726351,
	"7": -0.321281958,
	"8": -0.371919092,
	"9": -0.430929819,
	"10": -0.466307479,
	"ace": -0.440006722
  },
  "hard 15": {
	"2": -0.416593741,
	"3": -0.406248539,
	"4": -0.395598913,
	"5": -0.385457479,
	"6": -0.365826427,
	"7": -0.369761818,
	"8": -0.416782014,
	"9": -0.471577689,
	"10": -0.504428373,
	"ace": -0.480006242
  },
  "hard 16": {
	"2": -0.470994993,
	"3": -0.463767752,
	"4": -0.456286366,
	"5": -0.449519582,
	"6": -0.430926503,
	"7": -0.414778831,
	"8": -0.458440442,
	"9": -0.509322139,
	"10": -0.539826346,
	"ace": -0.517148653
  },
  "hard 17": {
	"2": -0.536150794,
	"3": -0.531674195,
	"4": -0.527011491,
	"5": -0.52298563,
	"6": -0.508752592,
	"7": -0.483485832,
	"8": -0.505982675,
	"9": -0.55369489,
	"10": -0.584463221,
	"ace": -0.557299924
  },
  "hard 18": {
	"2": -0.622438633,
	"3": -0.62000497,
	"4": -0.617461832,
	"5": -0.615259568,
	"6": -0.607479047,
	"7": -0.591143845,
	"8": -0.591055855,
	"9": -0.616528478,
	"10": -0.647670818,
	"ace": -0.626515396
  },
  "hard 19": {
	"2": -0.729077455,
	"3": -0.728032888,
	"4": -0.726937134,
	"5": -0.725991268,
	"6": -0.722554207,
	"7": -0.715449729,
	"8": -0.713659984,
	"9": -0.715574383,
	"10": -0.729449139,
	"ace": -0.724795067
  },
  "hard 20": {
	"2": -0.855230268,
	"3": -0.854976896,
	"4": -0.854710208,
	"5": -0.854480475,
	"6": -0.853627943,
	"7": -0.851851823,
	"8": -0.851491919,
	"9": -0.850832603,
	"10": -0.849028951,
	"Hard": 20,
	"ace": -0.852138938
  },
  "hard 21": {
	"2": -1,
	"3": -1,
	"4": -1,
	"5": -1,
	"6": -1,
	"7": -1,
	"8": -1,
	"9": -1,
	"10": -1,
	"ace": -1
  },  
  "soft 12": {
	"2": 0.081836216,
	"3": 0.103507047,
	"4": 0.126595628,
	"5": 0.156482385,
	"6": 0.185953613,
	"7": 0.165472931,
	"8": 0.095115021,
	"9": 0.0000657908,
	"10": -0.070002397,
	"ace": -0.020477878
  },
  "soft 13": {
	"2": 0.046636133,
	"3": 0.074118813,
	"4": 0.102477147,
	"5": 0.133362739,
	"6": 0.161692711,
	"7": 0.122385695,
	"8": 0.05405707,
	"9": -0.037694688,
	"10": -0.104851358,
	"ace": -0.057308047
  },
  "soft 14": {
	"2": 0.022391857,
	"3": 0.050806739,
	"4": 0.080081414,
	"5": 0.111894496,
	"6": 0.139164731,
	"7": 0.079507488,
	"8": 0.013277219,
	"9": -0.075163189,
	"10": -0.139466782,
	"ace": -0.093874325
  },
  "soft 15": {
	"2": -0.000120685,
	"3": 0.029159813,
	"4": 0.059285377,
	"5": 0.091959699,
	"6": 0.118245892,
	"7": 0.037028282,
	"8": -0.027054781,
	"9": -0.112188769,
	"10": -0.17370423,
	"ace": -0.130026502
  },
  "soft 16": {
	"2": -0.021025188,
	"3": 0.009059095,
	"4": 0.039974771,
	"5": 0.073448816,
	"6": 0.098821255,
	"7": -0.004890157,
	"8": -0.066794848,
	"9": -0.148643535,
	"10": -0.20744109,
	"ace": -0.165637172
  },
  "soft 17": {
	"2": -0.000491044,
	"3": 0.028975283,
	"4": 0.059326275,
	"5": 0.091189078,
	"6": 0.128052144,
	"7": 0.053823464,
	"8": -0.072915399,
	"9": -0.149786892,
	"10": -0.196866976,
	"ace": -0.17956937
  },
  "soft 18": {
	"2": 0.062905069,
	"3": 0.090248279,
	"4": 0.118501924,
	"5": 0.147612748,
	"6": 0.190753241,
	"7": 0.1706765,
	"8": 0.039677444,
	"9": -0.100744308,
	"10": -0.143808123,
	"ace": -0.092935492
  },
  "soft 19": {
	"2": 0.12395802,
	"3": 0.149339709,
	"4": 0.175576806,
	"5": 0.202986035,
	"6": 0.239799354,
	"7": 0.220620114,
	"8": 0.152270287,
	"9": 0.007892642,
	"10": -0.088095954,
	"ace": -0.005742892
  },
  "soft 20": {
	"2": 0.182499994,
	"3": 0.206087976,
	"4": 0.230470122,
	"5": 0.256258555,
	"6": 0.287795084,
	"7": 0.256908744,
	"8": 0.197953708,
	"9": 0.116529591,
	"10": 0.025308523,
	"ace": 0.081449708
  },
  "soft 21": {
	"2": 0.23835075,
	"3": 0.260325267,
	"4": 0.283020275,
	"5": 0.307349509,
	"6": 0.333690048,
	"7": 0.292146991,
	"8": 0.229982145,
	"9": 0.158257119,
	"10": 0.119482231,
	"ace": 0.143001282
  }
}