{
  "pair 2": {
	"2": -0.084155,
	"3": -0.015253,
	"4": 0.059731,
	"5": 0.152637,
	"6": 0.228169,
	"7": 0.007306,
	"8": -0.176796,
	"9": -0.387749,
	"10": -0.508467,
	"ace": -0.43464
  },
  "pair 3": {
	"2": -0.137692,
	"3": -0.055971,
	"4": 0.030542,
	"5": 0.12724,
	"6": 0.202589,
	"7": -0.052456,
	"8": -0.231929,
	"9": -0.43746,
	"10": -0.554786,
	"ace": -0.483462
  },
  "pair 4": {
	"2": -0.193336,
	"3": -0.109404,
	"4": -0.020746,
	"5": 0.081979,
	"6": 0.151592,
	"7": -0.167926,
	"8": -0.327646,
	"9": -0.512936,
	"10": -0.627271,
	"ace": -0.562359
  },
  "pair 5": {
	"2": -0.294002,
	"3": -0.212382,
	"4": -0.122775,
	"5": -0.022383,
	"6": 0.042261,
	"7": -0.297997,
	"8": -0.458628,
	"9": -0.638727,
	"10": -0.734446,
	"ace": -0.673258
  },
  "pair 6": {
	"2": -0.212318,
	"3": -0.11904,
	"4": -0.020195,
	"5": 0.082383,
	"6": 0.15549,
	"7": -0.264733,
	"8": -0.426032,
	"9": -0.61218,
	"10": -0.71809,
	"ace": -0.655157
  },
  "pair 7": {
	"2": -0.130522,
	"3": -0.042497,
	"4": 0.050798,
	"5": 0.148539,
	"6": 0.249762,
	"7": -0.048541,
	"8": -0.3921,
	"9": -0.578454,
	"10": -0.6584,
	"ace": -0.652895
  },
  "pair 8": {
	"2": 0.076025,
	"3": 0.148549,
	"4": 0.223409,
	"5": 0.300229,
	"6": 0.412667,
	"7": 0.325404,
	"8": -0.020154,
	"9": -0.386505,
	"10": -0.480335,
	"ace": -0.371677
  },
  "pair 9": {
	"2": 0.196063,
	"3": 0.259202,
	"4": 0.324349,
	"5": 0.393128,
	"6": 0.472453,
	"7": 0.364631,
	"8": 0.235209,
	"9": -0.077386,
	"10": -0.31816,
	"ace": -0.137027
  },
  "pair 10": {
	"2": -0.074979,
	"3": 0.031222,
	"4": 0.140765,
	"5": 0.259969,
	"6": 0.370201,
	"7": 0.098762,
	"8": -0.237545,
	"9": -0.607417,
	"10": -0.755656,
	"ace": -0.625214
  },
  "pair ace": {
	"2": 0.609445,
	"3": 0.657804,
	"4": 0.707332,
	"5": 0.756861,
	"6": 0.816667,
	"7": 0.633482,
	"8": 0.507276,
	"9": 0.367953,
	"10": 0.310619,
	"ace": 0.250154
  }
}