{
  "4": {
	"2": -0.292783727,
	"3": -0.252250229,
	"4": -0.211063109,
	"5": -0.167192661,
	"6": -0.153699016,
	"7": -0.475375183,
	"8": -0.510517516,
	"9": -0.543149681,
	"10": -0.540430334,
	"ace": -0.666950775
  },
  "5": {
	"2": -0.292783727,
	"3": -0.252250229,
	"4": -0.211063109,
	"5": -0.167192661,
	"6": -0.153699016,
	"7": -0.475375183,
	"8": -0.510517516,
	"9": -0.543149681,
	"10": -0.540430334,
	"ace": -0.666950775
  },
  "6": {
	"2": -0.292783727,
	"3": -0.252250229,
	"4": -0.211063109,
	"5": -0.167192661,
	"6": -0.153699016,
	"7": -0.475375183,
	"8": -0.510517516,
	"9": -0.543149681,
	"10": -0.540430334,
	"ace": -0.666950775
  },
  "7": {
	"2": -0.292783727,
	"3": -0.252250229,
	"4": -0.211063109,
	"5": -0.167192661,
	"6": -0.153699016,
	"7": -0.475375183,
	"8": -0.510517516,
	"9": -0.543149681,
	"10": -0.540430334,
	"ace": -0.666950775
  },
  "8": {
	"2": -0.292783727,
	"3": -0.252250229,
	"4": -0.211063109,
	"5": -0.167192661,
	"6": -0.153699016,
	"7": -0.475375183,
	"8": -0.510517516,
	"9": -0.543149681,
	"10": -0.540430334,
	"ace": -0.666950775
  },
  "9": {
	"2": -0.292783727,
	"3": -0.252250229,
	"4": -0.211063109,
	"5": -0.167192661,
	"6": -0.153699016,
	"7": -0.475375183,
	"8": -0.510517516,
	"9": -0.543149681,
	"10": -0.540430334,
	"ace": -0.666950775
  },
  "10": {
	"2": -0.292783727,
	"3": -0.252250229,
	"4": -0.211063109,
	"5": -0.167192661,
	"6": -0.153699016,
	"7": -0.475375183,
	"8": -0.510517516,
	"9": -0.543149681,
	"10": -0.540430334,
	"ace": -0.666950775
  },
  "11": {
	"2": -0.292783727,
	"3": -0.252250229,
	"4": -0.211063109,
	"5": -0.167192661,
	"6": -0.153699016,
	"7": -0.475375183,
	"8": -0.510517516,
	"9": -0.543149681,
	"10": -0.540430334,
	"ace": -0.666950775
  },
  "12": {
	"2": -0.292783727,
	"3": -0.252250229,
	"4": -0.211063109,
	"5": -0.167192661,
	"6": -0.153699016,
	"7": -0.475375183,
	"8": -0.510517516,
	"9": -0.543149681,
	"10": -0.540430334,
	"ace": -0.666950775
  },
  "13": {
	"2": -0.292783727,
	"3": -0.252250229,
	"4": -0.211063109,
	"5": -0.167192661,
	"6": -0.153699016,
	"7": -0.475375183,
	"8": -0.510517516,
	"9": -0.543149681,
	"10": -0.540430334,
	"ace": -0.666950775
  },
  "14": {
	"2": -0.292783727,
	"3": -0.252250229,
	"4": -0.211063109,
	"5": -0.167192661,
	"6": -0.153699016,
	"7": -0.475375183,
	"8": -0.510517516,
	"9": -0.543149681,
	"10": -0.540430334,
	"ace": -0.666950775
  },
  "15": {
	"2": -0.292783727,
	"3": -0.252250229,
	"4": -0.211063109,
	"5": -0.167192661,
	"6": -0.153699016,
	"7": -0.475375183,
	"8": -0.510517516,
	"9": -0.543149681,
	"10": -0.540430334,
	"ace": -0.666950775
  },
  "16": {
	"2": -0.292783727,
	"3": -0.252250229,
	"4": -0.211063109,
	"5": -0.167192661,
	"6": -0.153699016,
	"7": -0.475375183,
	"8": -0.510517516,
	"9": -0.543149681,
	"10": -0.540430334,
	"ace": -0.666950775
  },
  "17": {
	"2": -0.152974588,
	"3": -0.117216241,
	"4": -0.080573373,
	"5": -0.044941376,
	"6": 0.011739161,
	"7": -0.10680899,
	"8": -0.381950971,
	"9": -0.42315424,
	"10": -0.419720634,
	"ace": -0.478033475
  },
  "18": {
	"2": 0.121741902,
	"3": 0.148300073,
	"4": 0.175854437,
	"5": 0.199561195,
	"6": 0.283443916,
	"7": 0.399554167,
	"8": 0.105951349,
	"9": -0.183163357,
	"10": -0.178301234,
	"ace": -0.100198876
  },
  "19": {
	"2": 0.386304686,
	"3": 0.404362937,
	"4": 0.423178925,
	"5": 0.439512104,
	"6": 0.495977074,
	"7": 0.615976496,
	"8": 0.593853668,
	"9": 0.287596757,
	"10": 0.063118166,
	"ace": 0.277635724
  },
  "20": {
	"2": 0.639986575,
	"3": 0.650272094,
	"4": 0.661049962,
	"5": 0.670359691,
	"6": 0.70395857,
	"7": 0.773227227,
	"8": 0.79181516,
	"9": 0.758356871,
	"10": 0.554537567,
	"ace": 0.655470323
  },
  "21": {
	"2": 0.882006516,
	"3": 0.885300357,
	"4": 0.888767293,
	"5": 0.891753827,
	"6": 0.902836744,
	"7": 0.925926296,
	"8": 0.930605053,
	"9": 0.939176156,
	"10": 0.962623633,
	"ace": 0.922193811
  }
}